rdk5,rdk6,rdk7,mordred,avalon,ph4,gnn,Activity
0.8176268310913979,0.97468024,0.9810673553498004,0.8555623710361824,0.8642779776178937,0.9926803649530436,0.9819288849830627,1
0.8508662354491728,0.98008007,0.9924541866714628,0.7741657969532861,0.7202509912261035,0.9840718675413885,0.9231053590774536,1
0.6660983667454569,0.9333367,0.9407210513325955,0.781631586036705,0.6134462869995093,0.9925013607767635,0.6780191659927368,1
0.9780188414545264,0.99569064,0.9997405349699892,0.9895142357148747,0.9740056545853275,0.9999999999999951,1.0,1
0.9782156724944923,0.99569064,0.9995395919784176,0.9890883584799822,0.974140798578394,0.9999999999999951,0.9999942779541016,1
0.9377274799979751,0.9906123,0.9950974832807267,0.9340716274840493,0.9239644255220696,0.9999040346375409,0.9910004138946533,1
0.9387060230655502,0.9916922,0.9964013429832929,0.9204240299139176,0.9380107485542326,0.9999040346375409,0.9953141212463379,1
0.8727734984258538,0.97658986,0.9925581604041398,0.977714640402325,0.9120450855708307,0.9999999999826634,0.9999445676803589,1
0.6869844960815351,0.91465664,0.9050948695119135,0.8526050706623255,0.7148297881475604,0.9576358916445441,0.9158831834793091,1
0.8739697556121119,0.9787335,0.9931518030943965,0.9742735468964491,0.9467103244109089,0.999829586357319,0.9974013566970825,1
0.8818270007506839,0.981091,0.9875899728955048,0.8733327414857296,0.8441403737127976,0.9967980051021756,0.9765868782997131,1
0.9866924468895444,0.9982488,0.9998832453454115,0.9830598350941507,0.9848253030775267,0.999999999875117,0.9999530911445618,1
0.9866924468895444,0.9982488,0.9998832453454115,0.9777575482522551,0.9867734803540994,0.9999999997260491,0.9999796152114868,1
0.9873226170795225,0.9975573,0.999915138259842,0.985022832695433,0.9867837445964089,0.9999999999557077,0.9999719858169556,1
0.5950179996824132,0.92915195,0.9573974922849668,0.8829385808566517,0.7465828059728271,0.9665321595899253,0.9792685508728027,1
0.9547206451355319,0.99549675,0.9975080458126991,0.8990136645981939,0.9740271573347904,0.9998460610977623,0.994723379611969,1
0.9369016553650897,0.9900566,0.996180743906386,0.9146423184000007,0.9548011027185029,0.9986691593768698,0.9648913145065308,1
0.9157350493049954,0.98432815,0.9963031858192775,0.9135274376431654,0.9539885732745917,0.9999965548578008,0.9975844025611877,1
0.986689658007114,0.9982488,0.9998877811864333,0.9807973818701223,0.9851266532289189,0.9999999999605156,0.9999940991401672,1
0.7094645464233764,0.92043144,0.9500654796550453,0.828336740439844,0.7492615122757106,0.9876611591219183,0.9661309719085693,1
0.013335122798657085,0.0016635021,0.00014947921937545167,0.014651226915073453,0.02804307897531206,3.594345333771622e-05,0.0015815924853086472,0
0.007986516453941104,0.0014940902,0.0024628767598323244,0.020980093682591093,0.008469810238345752,7.996264215737013e-09,0.021897198632359505,0
0.009085507595370235,0.0012788463,0.002518678159192121,0.021264243392444836,0.009645853538401862,7.996264215737013e-09,0.007419683039188385,0
0.01777856554569137,0.0021603054,0.002539178627882483,0.01279198700010572,0.022512813157227567,5.95920966242689e-07,0.0043664900586009026,0
0.0060340183481558535,0.00035719053,0.011760677756521652,0.011514461680553052,0.008070005481125653,9.3184715838382e-08,0.007449128199368715,0
0.033235081480703026,0.006362145,0.011039248229887203,0.031603280574007866,0.06588419086181964,0.0047532982992249,0.00761841656640172,0
0.011001043128343211,0.0051887995,0.00012846400622148457,0.01873814566086068,0.025794098003016165,0.0006065508248191973,0.008178165182471275,0
0.013302247044222093,0.0013754213,0.0026535501614909237,0.028914626714046036,0.008280387194888852,0.001576003859928718,0.0075813946314156055,0
0.013245017509339641,0.0013754213,0.003049503437907242,0.020121780721464682,0.00811196136201936,0.0005519091601756997,0.0012329730670899153,0
0.030079733021407814,0.0069035143,0.004709330374102802,0.10138641069546124,0.09082788715042052,0.012010598482448955,0.023256981745362282,0
0.012039925086975475,0.0031135147,0.001066299071437552,0.015044282985179434,0.024431443036868793,1.380919592025467e-05,0.0012320023961365223,0
0.04483871720991705,0.0033097318,0.001849414243113393,0.008068442369984588,0.016122480332374317,0.0010035717989419508,2.2599204385187477e-05,0
0.02682303414682525,0.0008995082,0.006042108658085305,0.034786942119315004,0.0476789164213439,4.7017280679728975e-06,0.003402411937713623,0
0.05540701720627139,0.020715745,0.0012572172724041794,0.05390840920374224,0.05752626866624569,1.0181099107478994e-06,0.02034762129187584,0
0.07681176424005795,0.03566718,0.00018992892951780654,0.10554574403198766,0.11647316965740812,1.0001502289305327e-06,0.0008297775057144463,0
0.011756301243704597,0.0006438046,0.00012067239470130152,0.01995315657185718,0.027043269745364907,5.593371944851363e-07,5.2857911214232445e-05,0
0.017065417816834325,0.0003066138,0.0014442600650958904,0.01310224782534887,0.02671268327761295,1.7054990245291964e-05,0.0005769427516497672,0
0.029749415735538347,0.017489249,0.001424879810448602,0.033269690424068736,0.027255474084400634,1.8265139010932354e-06,0.0022682263515889645,0
0.09242910116535934,0.034476556,0.0007865676452664536,0.021107628179139876,0.10449943367554825,0.0009638877132537777,0.0019993821624666452,0
0.016208599251880073,0.001223524,0.00011066482279649151,0.006160589516209842,0.007182932444473785,0.0010242093501782869,5.278825847199187e-05,0
0.030723552638980186,0.0009831365,0.000366434910783282,0.01885734206805862,0.0219582305710143,0.03224796145735508,0.00015152842388488352,0
0.01787023152158955,0.0004982563,0.001169264537915562,0.0066812472713845775,0.010939217114654676,2.5053660803893106e-05,0.0051173437386751175,0
0.017327077440702294,0.0022189696,0.0002574829339512187,0.006107831614731571,0.004309481590490423,7.227764678724788e-06,0.003014013869687915,0
0.013306504228042837,0.0026410425,0.0002025707516899446,0.01134256108801838,0.007099590510224291,0.0003081146759458694,0.00019849601085297763,0
0.020018431716929647,0.0015280328,0.000476544997629194,0.011410639146851614,0.02381606923064819,0.0017941228471511897,0.005739562679082155,0
0.011173092379646853,0.0020015656,0.0057123262362814365,0.005047049727182845,0.00615858746106759,4.2100919757630444e-08,0.007258752826601267,0
0.025419636663140312,0.012995182,0.0025355330536440553,0.01346852015415475,0.012867923857807185,0.00015264287004617164,0.005082293879240751,0
0.01740953990839995,0.005213677,0.0026688971458568174,0.009526335408235468,0.008195234993871873,2.684226359197099e-07,0.010046200826764107,0
0.009556684213404588,0.0007142894,0.0006617765739240068,0.011606944089798664,0.007066188332106026,7.896372031580227e-07,0.022691791877150536,0
0.027259441198556767,0.001530584,0.00027608477402508535,0.07905053501665955,0.02233306021457099,0.0012595689044234445,0.0031481150072067976,0
0.05773504666787555,0.0050940732,0.00786991032031465,0.021544981437099986,0.07467883725071117,0.15779096627865047,0.03928335756063461,0
0.046058807542317046,0.008452122,0.002681697633988842,0.014396959753108526,0.024345919330253245,0.0028363864428384627,0.00300616049207747,0
0.042991776439335654,0.014270827,0.0045051565372567545,0.009392632452772038,0.04336503569004193,0.004388481827468624,0.0053371223621070385,0
0.02912616440780673,0.0006994158,0.00409353623063692,0.013016524879512792,0.03731584558157048,0.004363012197383335,0.006959099788218737,0
0.04301698633686359,0.0011415994,0.004481477633418384,0.019109717088154204,0.04912390610732412,0.001195688464706161,0.012020278722047806,0
0.050648119928429346,0.00298136,0.0018587710515102645,0.013580566965375221,0.03890733869619383,0.007430447728290893,0.04436151683330536,0
0.029366409354730293,0.0017282432,0.0012971001738265298,0.008270593624248515,0.019080709416826633,0.0008434458409975749,0.00789882242679596,0
0.03200387550479501,0.006692077,0.0029575342897432736,0.010576808396758107,0.022170882696787447,0.0017304914991087095,0.008731789886951447,0
0.025443490182898928,0.0017908453,0.005952721775106047,0.012259199185723674,0.039474660158060434,0.005236210560820724,0.01587848737835884,0
0.04632826791565764,0.006967255,0.012472789649785026,0.01348384835389187,0.04127121546930624,0.0012384951281193299,0.006373062264174223,0
0.022069138707277485,0.0012563458,0.0015684177223161948,0.010267771783417994,0.022842867228371616,0.00045159805929127187,0.0026191850192844868,0
0.017593254013430537,0.0030406716,0.008484946735642733,0.01688980076771574,0.030458213247506874,0.00046964295947199777,0.016316985711455345,0
0.04783923151553387,0.0006660904,0.001864799780747792,0.009177362671780112,0.01842786301921039,0.0006427046333884807,0.01833660900592804,0
0.048097634433450775,0.005326579,0.0036422127097597533,0.01872989830371789,0.06666181280124306,0.005287058489622957,0.01858922466635704,0
0.029438222182082755,0.0007440729,0.0012935245880844382,0.019878636538326187,0.024176243104643776,0.0035169475057015265,0.015041980892419815,0
0.02910658034653377,0.001112301,0.0022882783057524333,0.011830678969440699,0.03974411057361316,0.008741535922096096,0.037257518619298935,0
0.02912224877538369,0.0018624789,0.0029422036647698082,0.011335317968138789,0.04094072589806908,0.001195688464706161,0.021408425644040108,0
0.028652123419995006,0.0018869335,0.0033309678282703228,0.010464122513448408,0.04021217118042568,0.0033266765072046283,0.04141376540064812,0
0.0344528182466682,0.0018679928,0.006977628624258019,0.007547839463809225,0.013021234242012266,9.030259215015914e-05,0.0005772055010311306,0
0.022083499857094135,0.0036350265,5.880281180594923e-05,0.012448764721819203,0.01705738430061149,0.0006482735114363351,0.006226574070751667,0
0.010595885595367607,0.00038239342,0.0013305176518564963,0.00734174620100178,0.006724500564590276,2.0200820953597996e-06,0.0029035848565399647,0
0.006937767782226512,0.00017155142,0.0003116201570799421,0.012043514998433789,0.008009415114581031,3.0746664711697352e-06,0.00019858476298395544,0
0.007825591594243005,0.00024663087,0.00047281867071765905,0.009450828268464181,0.006819865084904612,1.143741912393497e-06,0.0010290000354871154,0
0.006337213993878978,0.00016739158,6.759667511243588e-05,0.007820534198104856,0.00701004723651715,3.16435627529062e-06,0.005292021669447422,0
0.048203718714114975,0.009832014,0.00022809501078195678,0.021029788548330302,0.036579673978252986,0.0018360854974979416,0.0005679167225025594,0
0.04691688342644205,0.006831463,7.141390205644172e-05,0.014693243219857974,0.016086242591340224,0.00041828541933379605,0.0049560642801225185,0
0.01754125200761356,0.0041366643,0.0001275127148407098,0.008431125254043981,0.008575228692748798,3.378411808760859e-07,0.00015773937047924846,0
0.025992187120091662,0.0017048782,6.22090235418715e-05,0.03394651999893741,0.040294985064576225,0.00011977997461000298,0.0010189517633989453,0
0.006021418266721016,0.002673048,0.0001373423533774768,0.006633880934711162,0.007120539874847877,3.507420412092496e-08,0.0004260193381924182,0
0.0062408008234605015,0.002673048,0.0006301299180199768,0.008456378391476133,0.007300315159338065,1.0997637560568008e-08,0.0023044340778142214,0
0.08667860264637071,0.004747792,0.0028638483542191367,0.016772250207372667,0.04429076067379266,0.0016504330745104362,0.0006523795309476554,0
0.09743979767484488,0.030291604,0.00033106807934820163,0.035689582168258155,0.09328286944396103,0.0030973717980091182,0.0026242060121148825,0
0.01699273233775996,0.0036239282,0.004298678792660791,0.01691831774325273,0.018034432270521362,4.342540244046679e-05,0.0011903028935194016,0
0.015861658741550214,0.0019958967,0.0254108043552162,0.018062741090137467,0.017974802917709014,2.4404891300656045e-05,0.009498247876763344,0
0.016218183932262344,0.0039786026,8.74695153412665e-05,0.021245798082025546,0.018034432270521362,4.309047074874844e-05,0.006605259142816067,0
0.027317906615915235,0.0019080889,0.00018979041859634334,0.0137871728729254,0.01683488342880555,0.0034764920315923644,0.0011118268594145775,0
0.016159229566500795,0.0031859556,0.0001910818722033046,0.01462404856088263,0.0184842324211018,0.0007034367069212662,0.0008092259522527456,0
0.013298627233354721,0.00365015,8.597617619045242e-05,0.016403669027181062,0.018606677177651146,1.8765735094629144e-06,0.002051775809377432,0
0.007531213010736357,0.0010895333,8.500484271022628e-05,0.012781205367737655,0.012340877158485366,1.5487652319005808e-05,0.0025446033105254173,0
0.008651773169279446,0.0008848837,0.0013904643924393606,0.009204405412846001,0.012134344944462286,7.4393509553466655e-06,0.017694612964987755,0
0.008603063410627332,0.00071622524,0.002109288059456883,0.011413886942547587,0.011541815727298331,9.485186576002388e-06,0.0002619486767798662,0
0.007896239175560388,0.00095157913,0.0038597669442878707,0.008003943745273502,0.01081261487818426,9.485186576002388e-06,0.010430851951241493,0
0.008103716238658333,0.00082008715,0.0007654550054473837,0.018591231385474083,0.013001436797692025,1.5487652319005808e-05,0.018310826271772385,0
0.008755225690167573,0.0025652386,0.0013469555897602096,0.0074538846998632976,0.012546296104843107,7.10025024684334e-07,0.012422232888638973,0
0.008579276514986005,0.0007793122,0.00012577919525439776,0.007987860263091092,0.012047148947654213,4.776318642325496e-08,0.00040846678894013166,0
0.010509231568870382,0.0028079879,0.0005119493575280739,0.009868259028960217,0.012475016548670729,1.4673121662816264e-06,0.013181574642658234,0
0.010381260095331102,0.0028079879,0.00022829309430964315,0.007217491349815836,0.011632577860668025,2.2769638832267977e-06,0.002597132697701454,0
0.008780202239746474,0.0010753163,0.00028939090758270007,0.015496601593397673,0.012624564087939797,4.6418311264719725e-06,0.0033051175996661186,0
0.008563218373671095,0.000687157,7.938363075503965e-05,0.00990216264216348,0.012399800236480726,2.546893945594181e-07,0.0015878870617598295,0
0.012248161207680259,0.0011501356,0.04692888865133145,0.01454202066726742,0.009243608916396997,9.099204474426876e-06,0.04002944380044937,0
0.022900738237919955,0.0035718752,0.005054973403793663,0.037957356747191424,0.015201499902902291,0.00014673047786358838,0.005426463671028614,0
0.011305956444797578,0.0011609189,0.007339512904371874,0.04871422760108975,0.0313913061073832,3.0338421237998965e-06,0.010707988403737545,0
0.0195931117774451,0.0012690235,0.0003328431446306862,0.03239876402836161,0.025686058918288804,7.376331170076781e-05,0.006722042802721262,0
0.025180651342629846,0.0026832114,0.0010113723108987377,0.017856389837374514,0.023272381179518783,5.031882304237459e-05,0.00016542414959985763,0
0.009187721084325905,0.0003196153,0.0005586437631857443,0.015800025043632548,0.02633055341362119,0.00035012109356936515,0.0037514863070100546,0
0.03987694252109156,0.007648019,0.003439428305876031,0.014104784641512462,0.02131482277504622,0.00012318083779650033,0.04554212465882301,0
0.02848455166680221,0.0016343147,0.0011393067779289746,0.00965311884307801,0.027996860531706514,0.0039114992348188975,0.017412882298231125,0
0.8710798527042047,0.96976906,0.9854446309007935,0.911450375445627,0.8654256169022536,0.9988895948907722,0.9904729723930359,1
0.8109934466972135,0.97339565,0.9834312192235742,0.7872695342981131,0.6886312005455347,0.9955574675772783,0.9550533294677734,1
0.8369877777629025,0.9725073,0.9829584128323469,0.8503122304633874,0.8139116790375744,0.9810712274180281,0.9753430485725403,1
0.9049415829803193,0.98080945,0.9907872268181198,0.8050409298982822,0.8837758406747387,0.999098863383326,0.9461581110954285,1
0.9462111745842534,0.99612135,0.9963064420175824,0.9487772720307636,0.9135801003450756,0.9999999948915572,0.9945864081382751,1
0.9506506041100881,0.9968803,0.9969179435134987,0.9515278969376826,0.9190182331747594,0.9999999997026354,0.9862414598464966,1
0.9754664235971366,0.9936133,0.9952523506509642,0.9792425839555398,0.9713807184232199,0.9999999999999649,0.9999995827674866,1
0.5589549695727402,0.9026812,0.9700525145721611,0.7618253252220987,0.5739718635800223,0.9964986960500168,0.8067225813865662,1
0.4473891898184948,0.89819455,0.939474755387878,0.8390220875571012,0.4915081039588128,0.7547743287179933,0.9213864803314209,1
0.9737422673125694,0.99420303,0.9991545945522922,0.980753784910893,0.9667828983542575,0.9999999999996363,0.999968945980072,1
0.8455491199564918,0.95540786,0.9527359998055728,0.8855700514261259,0.7890625632888806,0.9999669750424988,0.9922336935997009,1
0.975693307359578,0.9983512,0.9990507753379438,0.9561888196185583,0.9784623568843022,0.9986599537061825,0.9881622195243835,1
0.9718076232800921,0.99754685,0.9982012365698761,0.9323182528958625,0.973880680116022,0.9994708193286587,0.9870150089263916,1
0.9777296035596176,0.9982141,0.9985690558413347,0.9493586245302438,0.9812529193002515,0.9999605441080801,0.998572826385498,1
0.9723384617655499,0.99529773,0.9993881509369396,0.9474952558294885,0.9764876089558099,0.9998992646589555,0.9840559363365173,1
0.9733027142153549,0.99835443,0.9992323987349572,0.9606517962158279,0.9787294882538986,0.9999421749948941,0.9908993244171143,1
0.9737405700184699,0.9968123,0.9991705697844059,0.9398067000243409,0.978757430195281,0.9999767532064305,0.9879682660102844,1
0.968645400170678,0.9971029,0.9982429410266823,0.925202119522727,0.9661378932064993,0.9999895640871322,0.9995830059051514,1
0.9613900152406829,0.994327,0.9956186889002172,0.9066347020296783,0.9540065561628889,0.9997061318552255,0.9913473725318909,1
0.767308036009874,0.8942935,0.9468638663398733,0.8847985193282472,0.7598125276676704,0.9992466702869952,0.9796250462532043,1
0.013439260343419898,0.005306086,0.0010123739806851798,0.01452170050337233,0.009502567407644436,9.124444720540289e-05,0.0007493094308301806,0
0.019414710061186318,0.0037679046,0.0008247491539551113,0.01568636874213295,0.026446720934406927,0.0003323126378913342,0.006195595487952232,0
0.04629323666825814,0.0061444133,0.0007699787767599728,0.015515678786747068,0.08991527553460023,0.001554696199234996,0.0047200461849570274,0
0.012588061122565015,0.00041420158,0.0006774019934216943,0.010605669408803536,0.023835062058591483,4.187815497086043e-06,0.0032668467611074448,0
0.0055958741223797815,0.0004829593,0.00226773985389141,0.006732375727518994,0.003947084720924678,9.14989845318342e-09,0.0017102541169151664,0
0.0047617744338790645,0.00054313225,0.0012691086599163624,0.004977487940264566,0.0035254954174162045,3.3268329858792137e-09,0.0008475325885228813,0
0.004582306704265046,0.0002867193,0.0010061146911452784,0.007210358496097836,0.0037989636503755874,9.14989845318342e-09,0.0004705557366833091,0
0.004458882422913033,0.0002867193,0.0036553113062530907,0.005839051396590064,0.00510692939726186,4.33850367097526e-07,9.979509195545688e-05,0
0.035840464869649265,0.001193238,0.00011871601075213801,0.035555808423375856,0.062464710642808445,3.753896754723398e-06,0.0072761112824082375,0
0.014753543883380878,0.00046202407,0.00012188259190635399,0.013321450811709021,0.009427721010478314,0.00023754348851196588,0.004994248505681753,0
0.003769872024577079,0.0005148312,8.762881195422755e-05,0.009459251942047244,0.0051312216374767745,6.574746982621206e-08,0.001831298926845193,0
0.014179807939618424,0.00049258437,0.0036133048148270434,0.018557854910075604,0.020548013361123378,2.531879855053259e-06,0.0014774983283132315,0
0.007360253395417733,0.0011750517,0.0067299418961553874,0.029446425336414932,0.009596134341816623,0.00020088722777523117,0.015234548598527908,0
0.22414199916799307,0.077789634,0.0009630678069570314,0.053126903832492314,0.14579500290256608,0.013589579362506543,0.010932338424026966,0
0.01765983592398722,0.0049598934,0.0009213787188970393,0.019330223904979633,0.008638560703178146,1.5769937356218399e-06,0.002526217373088002,0
0.02849347686011703,0.022334827,0.00013210223221683212,0.014509158256973749,0.016954372979029422,0.001587553972657733,8.259388414444402e-05,0
0.02433707693896171,0.0074101305,0.001464702793551795,0.03322518453981698,0.016836668117766337,0.0006486421662857694,0.0005751720163971186,0
0.028112196345284578,0.011236558,0.0016048676436857953,0.022193193360725987,0.04835813989527645,6.109210571341565e-05,0.0011060385731980205,0
0.008186066512464714,0.00033543247,0.0008937879783094087,0.005731474464589177,0.005057191125385293,1.7290758630241114e-05,0.00027271959697827697,0
0.007514039553105289,0.0003734558,0.0010824400780019023,0.01334596934045624,0.004648100543611195,1.6449286693473528e-05,0.0070568956434726715,0
0.008046934554048974,0.00035718613,0.0013279513809479142,0.003884514066128149,0.004677505315707604,1.7854951174870466e-06,0.01257200725376606,0
0.010179833248736695,0.0010346994,8.570000087054167e-05,0.011245283848845999,0.006253735442798975,1.5956533175153092e-06,0.01195837277919054,0
0.007890616058062985,0.00028881535,0.004036475336917104,0.005864454371435628,0.004737495811692979,1.710201413626532e-05,0.01950754038989544,0
0.009636778939379715,0.00048194252,9.308199729796864e-05,0.004996995952898183,0.005082419826883071,1.891325901318162e-06,0.00043843890307471156,0
0.00793504855504445,0.00035718613,0.010376787183637156,0.004356533346507396,0.00493907904800449,1.7639625206360006e-06,0.018490605056285858,0
0.008828336303739616,0.00033125747,0.0011833961859877007,0.005316117706134273,0.00529709384070273,1.609141799124096e-05,0.03711709380149841,0
0.009760069489306447,0.00050108734,0.003451863886467656,0.006491645605546048,0.005188972036756302,1.570362806419614e-06,0.008747735992074013,0
0.008164024222935152,0.00041277686,0.00407398810897539,0.015295016985625838,0.007096522620022715,0.0001391502749785129,0.0043691243045032024,0
0.010512841570633834,0.0011009407,0.0010298821519509592,0.013452565653153762,0.005990791851475645,0.00010549889986801135,0.008626732975244522,0
0.007594220482493104,0.00033543247,0.002643150629607707,0.005006948578209475,0.004907218256648364,1.7290758630241114e-05,0.0005568375927396119,0
0.07458959429776342,0.009322243,0.00023536941836177838,0.009533109113161327,0.043754659771748416,0.0007569340968745799,0.0003029126091860235,0
0.00998367708405793,0.00014430664,0.0002205897511942427,0.004708261993370263,0.014833401121338678,0.0026036657344165443,0.0002770854625850916,0
0.024345904491164916,0.001504344,0.0006733951225891549,0.020279676370960575,0.02150284310077371,0.005602767345985449,0.0019187785219401121,0
0.02675744257850118,0.0016427523,0.0006088297775184718,0.02770200376176424,0.029024043888974022,0.0007943315588552341,0.00035889094579033554,0
0.041471456766294164,0.012310314,0.0024545611337752704,0.011409117688010428,0.02686150763619929,9.201207590510629e-08,0.002662587445229292,0
0.006957963260940662,0.0011215487,0.001971492332962589,0.009884122644117803,0.006621749877516894,5.627205884395517e-08,0.0014906245050951838,0
0.007364456842337621,0.00091947085,0.005166390500696309,0.009428974085221517,0.006411029261964051,1.1251995731275718e-05,0.0008243516786023974,0
0.007759712582672556,0.0025299701,0.007461377140485514,0.011974988546156539,0.007960905162954142,2.607779712044891e-06,0.0008995363605208695,0
0.00793732714030062,0.0025299701,0.0009513832786882038,0.015121579408627723,0.008167982284830825,2.607779712044891e-06,0.0007235070806927979,0
0.007277691053697664,0.001061356,0.0010010341908957658,0.007949265560766323,0.007097995134937899,3.125128681988184e-08,0.0021591607946902514,0
0.014810843019738644,0.0012318727,0.000788995952939767,0.02890618840125812,0.007624433297329177,7.387736823393847e-05,0.005629613995552063,0
0.014810843019738644,0.0012318727,0.0010453055954885266,0.04509831424061168,0.018475203345031936,0.00011277588334435368,0.0024623668286949396,0
0.017261067151131713,0.00096036016,0.0009964433231209407,0.021249127564640622,0.010300449417465307,1.1355342306910988e-05,0.0017493291525170207,0
0.015579474069251364,0.00096036016,0.0024385228114661667,0.019878654072132393,0.017447891211971125,1.2872135724892549e-05,0.004363660700619221,0
0.023156677509272142,0.002456392,0.00013120626602475976,0.010120483845004849,0.022378261547636936,7.286433395580892e-08,0.0006831214413978159,0
0.02607490179810627,0.0016069586,0.00012084946473513672,0.016330816918255966,0.04055608766532407,7.47930637562566e-05,0.0027214032597839832,0
0.027225427201408383,0.003798575,0.00013072223709487748,0.02027547709832815,0.04065960088983436,0.0002549867493493501,0.009217782877385616,0
0.04897486211837364,0.024788309,0.00014927030230458765,0.008615653317050888,0.054465610673053055,0.003051051021297783,0.004415879026055336,0
0.00897078289067185,0.0017779599,0.00017120915086565297,0.014809916076255683,0.007275035896746075,2.3694008018695026e-05,0.012864599004387856,0
0.0318160164263447,0.0051016305,5.7742043055067585e-05,0.03263352757175851,0.038638108786542204,0.0015282838906445603,0.0041802567429840565,0
0.029275216852666826,0.006012834,0.00047229691202372014,0.010975944779973792,0.014422543470705618,5.852107953682419e-05,0.005854875314980745,0
0.005476886643441571,0.0009482345,0.00013552658768248887,0.009348018291903452,0.0038325490623227114,3.576525324048726e-10,0.0034985989332199097,0
0.00721791098174268,0.0022086,0.00011081100875458186,0.013010372740208508,0.005463774488349094,8.047484232385342e-10,0.005793275777250528,0
0.008960048583564117,0.0009912594,0.0010563958352818017,0.011182690642752133,0.006138945397899851,3.701462758766706e-10,0.006940607912838459,0
0.006083686142430203,0.0011572707,0.0002616837336811762,0.006165480261607408,0.005979612744549345,2.2106525799393374e-09,0.014418600127100945,0
0.005798256984926171,0.0007803203,0.0003761312792012382,0.008303628376403879,0.0038644960360773362,3.576525324048726e-10,0.012368781492114067,0
0.005940172565929292,0.00086143764,0.0001059848732569029,0.006903760340192228,0.0048519023506615275,1.9821898038204843e-09,0.0045385477133095264,0
0.005723731176703551,0.0010936591,0.0008514536955563909,0.013263144161135474,0.00405899364833502,3.576525324048726e-10,0.0006015119142830372,0
0.015221245076135361,0.00252569,0.000663329166354528,0.04516166665708184,0.008088119124866915,1.0894816724954432e-06,0.0005897057708352804,0
0.013592263526924648,0.00252569,0.00016683089037800567,0.018948089315330645,0.00783443931805104,1.0894816724954432e-06,0.00015815667575225234,0
0.014033938982066289,0.0021070973,0.00016751065719593287,0.033644253748983444,0.00773440273267167,6.747911510531989e-06,0.001602902659215033,0
0.015316116838386006,0.0021385034,0.012590601357099756,0.024650500429115818,0.00837110558594264,6.747911510531989e-06,0.007038980722427368,0
0.013596217126965003,0.0024593077,0.00268694089957716,0.017479616520180458,0.008186929277703899,5.25997261993157e-07,0.006894268095493317,0
0.016495738978250785,0.0065782163,0.0007265777502722452,0.016233905469078512,0.0255679735252947,0.0007743648576351541,0.00039513688534498215,0
0.010249119333361211,0.0032950835,0.0004705130848351164,0.011289697985816364,0.03122232628750573,1.4481805947005938e-05,0.0031413512770086527,0
0.03370482866448182,0.0031724146,0.0004309311084806879,0.04206664993135757,0.03409973904567728,0.0005552096935249854,0.00025774005916900933,0
0.04018610611645444,0.007156179,0.00019252216318751446,0.031004496225680224,0.037713610942470596,0.0024838831494239876,0.0020838910713791847,0
0.0072547245916368035,0.0009169277,0.0002790751677413446,0.00915913876175693,0.010219459883366587,9.654357717487542e-07,0.00028441703761927783,0
0.01141714009080619,0.00039962566,0.0005297010750549551,0.004935903059477115,0.009256721519993167,4.430331303637476e-05,0.0004541798844002187,0
0.030338211868486658,0.010199259,0.0002091425945686449,0.06916584632955636,0.047667974538445054,1.493654518310476e-05,0.0017941172700375319,0
0.006281025711476872,0.00033516763,0.00019523352875843507,0.012824294026061313,0.009420850045927706,9.163047735288873e-09,0.0006269181612879038,0
0.01459973688543937,0.00072372175,0.0012316415670566559,0.013223208966189129,0.01226460992715611,2.5432162406975153e-05,0.00755474204197526,0
0.045814564514336006,0.0022398098,0.006348457302664545,0.014064138212985682,0.03109420711253346,0.006497878117359269,0.0019007137743756175,0
0.042485477232634516,0.008434813,0.00026208412992187235,0.010349540141648439,0.025491535418813847,0.00010476866678261981,0.0001313144457526505,0
0.009813813387512135,0.0013880216,0.0005845698817653473,0.010761791824210961,0.006381496300861254,0.0024239515924303536,0.00046202074736356735,0
0.0067038888407276185,0.00077642285,0.00038413645159317457,0.011333109886955876,0.006974822570935602,0.00016928824011011974,0.0005726104136556387,0
0.005651632496286097,0.00046670856,0.0008962658308148743,0.011167089119962973,0.00690484957006159,0.0004729155617248907,0.0001833783317124471,0
0.0061587130105186004,0.0003192657,0.00011882435559170979,0.008350307339993155,0.010641309993872715,1.952794506781857e-06,0.0001322345488006249,0
0.006712899821613908,0.00036695233,0.0009777308904990293,0.014574543218739104,0.006129435078900099,0.0018436347021771502,0.00041383958887308836,0
0.006186533257854561,0.0010537625,0.0012921929256655173,0.009778897896904868,0.006456497010499146,0.0008002757571044939,0.0023741608019918203,0
0.004998341012225966,0.000241485,0.0009792701030143006,0.016890836497364885,0.008563693481948438,9.569409166225139e-06,9.756173676578328e-05,0
0.005421890204024163,0.0002782715,0.0013352795232877343,0.012436198405707203,0.007202584737464453,0.0011032232163930066,0.0021347564179450274,0
0.0733807766572496,0.013078353,0.0009493648774215115,0.04726259923705484,0.08276182248802688,0.01917054135231516,0.00017716942238621414,0
0.03318116015308083,0.004073032,0.001097382449649392,0.008029659875358697,0.024037617581187613,7.629552814336043e-05,0.0001299024879699573,0
0.013579126527554802,0.004834264,3.1972361494480805e-05,0.035103405024225924,0.008014154815270251,0.00025627712380570485,0.0006653385935351253,0
0.012993432358001033,0.002243867,0.01166566659389352,0.039547675930775815,0.007875966148698229,2.2343535599713665e-05,0.007029014639556408,0
0.5918796449813054,0.92463684,0.0013794324215331583,0.7124173896679562,0.5632735253386228,0.5978740365500793,0.004941548686474562,1
0.7939518197445836,0.92534745,0.945411145442627,0.828230705900476,0.7694983958002003,0.9994009260523093,0.670283317565918,1
0.9780647901456068,0.9972721,0.9626193286753539,0.9650186406439762,0.977049491993273,0.9999998971621217,0.9776996970176697,1
0.754218678516486,0.9753963,0.9986943573819921,0.8379631128628989,0.8886159541393536,0.9904915435027503,0.9998002648353577,1
0.9040786813294838,0.98017645,0.9840075535343797,0.7463377696217202,0.7708014035433027,0.9988773149222582,0.9720379710197449,1
0.9068008703139933,0.9744343,0.9892580746292037,0.9427968560786212,0.9146606742411844,0.9999997736631175,0.8661401867866516,1
0.9754826029280633,0.99933064,0.9890568324612752,0.9793850678967126,0.9700328196893002,0.9999999970832039,0.9772442579269409,1
0.9781934173429313,0.9983242,0.9994948165568031,0.9741797674593866,0.9810223754789702,0.9999999998791642,0.9983115196228027,1
0.978495464023722,0.99879164,0.9976750648751153,0.9811381486611064,0.9826395397060804,0.9999999999794107,0.9999480843544006,1
0.9779806578300112,0.9986218,0.9986952350837073,0.975527742059995,0.9808132483697215,0.9999999995702458,0.9998012781143188,1
0.9542758897398151,0.9936593,0.9987183393085761,0.9488957364683284,0.9719190508070414,0.9996931258637602,0.999866247177124,1
0.9087966762626856,0.9748735,0.9974444755632342,0.9123039082619387,0.9124560173461104,0.9995999877020126,0.9907671213150024,1
0.9798394754401012,0.99701035,0.9911450870334537,0.9763593949004813,0.9736351648676821,0.9999982291931082,0.997348427772522,1
0.9698118659350243,0.99710447,0.9984637498378064,0.9579664034272255,0.988801577142587,0.9999999970789459,0.9990746974945068,1
0.9709339235505046,0.99710447,0.9994518520596788,0.9795319474274478,0.9857724323537128,0.999999998589294,0.9985384345054626,1
0.9705319302007099,0.99710447,0.9994852667235183,0.9842275255606648,0.9855232650840929,0.999999998589294,0.9996344447135925,1
0.8297579798593232,0.9698473,0.999428009578731,0.7850443870677987,0.8203011246151356,0.9979122042936392,0.9994214177131653,1
0.8308579138876933,0.9767709,0.9849107190707537,0.916223870544531,0.8770439654817533,0.9959093865898087,0.8813784718513489,1
0.8577093017646391,0.96871465,0.9841779236125353,0.9271627681210926,0.8836995397894376,0.9970424659425302,0.9796753525733948,1
0.021511660129566276,0.0010478911,0.977318241226399,0.011276011987130026,0.016268427196325517,0.00020048075811899697,0.9719581604003906,0
0.03652855980933013,0.021796625,0.0016456840453721042,0.04015173711302258,0.056440286369890874,0.0007309211958568398,0.005054178647696972,0
0.04092302629494785,0.0037528686,0.009512089268388542,0.03241672670973282,0.04942661351851318,0.0011019154441375355,0.0035389449913054705,0
0.01138967146545197,0.0074664047,0.003246149453287395,0.02086975265272898,0.00878813550152314,2.4765871280973762e-06,0.01877368986606598,0
0.021102551364165546,0.0034324147,0.00030608285027897267,0.019181500136212754,0.04638969584288722,0.0014888088197222236,0.0002043512067757547,0
0.07331494013917816,0.03141395,0.004944307277945441,0.03131415366591975,0.09391120454032358,0.004049520821776454,0.007309711072593927,0
0.022336631299388527,0.001134866,0.04061398569053595,0.017359336810426257,0.005010264543379613,0.00046280096208620213,0.006578019354492426,0
0.008181505330588874,0.00057745236,0.0037048250395967978,0.004986496406125988,0.00555503897459401,1.0762997101302548e-06,0.0008380577201023698,0
0.008432527253588165,0.0012763141,0.0003381879921305614,0.007820115949437744,0.0050208939269680486,9.476644480461406e-07,0.0012315401108935475,0
0.008380754053322692,0.00024146888,0.0002728752219948884,0.012033864713207406,0.0052427790508149125,9.57441569593913e-05,0.00212579476647079,0
0.008808153597844887,0.0006820143,0.00034923421849043784,0.0076784316035201335,0.005202759756265272,3.2925682376480977e-08,0.003642300609499216,0
0.008356001594522109,0.0018460144,0.0003768087563345144,0.007003763543470825,0.005609063038582089,2.730490337041145e-08,0.0034305378794670105,0
0.00786594465127796,0.00046268647,0.0008291599244181474,0.006156091916423698,0.004986225816092214,4.406955317736328e-07,0.001932204351760447,0
0.008951097037366648,0.0010631456,0.0003239025908753565,0.008889841825566966,0.00506450812786746,3.2925682376480977e-08,0.0034063959028571844,0
0.00766766146544169,0.001128931,0.00032684769693638215,0.008028752438729516,0.00497884652390572,3.0599068979207164e-07,0.010000181384384632,0
0.008495517328145262,0.0013577072,0.0006093866911041472,0.00874902859339406,0.005019497645512393,4.841947369173251e-06,0.002442594151943922,0
0.008469554756374596,0.00056258123,0.00014307325903462325,0.007470528032991216,0.005082308310860192,1.604011928927605e-07,0.0015922330785542727,0
0.009181381833745858,0.0033634284,0.00017130451893105015,0.010252902855240574,0.004312394766904183,5.740689860180698e-09,0.0030179626774042845,0
0.010001036627033154,0.00024784464,0.0005656617491806901,0.007579222402427543,0.012954342061427829,0.00017052956047133893,0.0017689574742689729,0
0.01710745934165352,0.0038512764,0.001137580282864716,0.02061340993182629,0.017056944062111955,3.8996184461227364e-05,0.0009848878253251314,0
0.00594644910900686,0.00025827173,0.0005579545834614332,0.01760094380528257,0.01554720364004441,1.0860985782478492e-05,0.004587139934301376,0
0.01981719741002867,0.00055644836,2.7753597517291098e-05,0.02399699861144516,0.04134541241932479,2.841742696474423e-06,0.0008072840864770114,0
0.030402173091188353,0.0022284023,0.0011568675830945885,0.008132826530809264,0.03503495164819332,3.483964075765366e-05,0.00021179340546950698,0
0.20307570974693387,0.064280435,0.0009581480572656745,0.09876016901612276,0.11354398325691355,0.0017442926129470166,0.004288794938474894,0
0.014212393904464495,0.00061840005,0.039953854744898126,0.009555110385300629,0.018140166375333753,2.229126511781047e-06,0.0448155403137207,0
0.010539005675478977,0.0002556898,0.0003269431026378487,0.016509936109393424,0.021587324566229853,0.00019139208757606822,0.00030842088744975626,0
0.06659270701741832,0.011924355,0.00016857086667127882,0.018839963294546312,0.04566027761315188,8.37155015073084e-06,0.0002799913636408746,0
0.03957012121284873,0.003794499,0.00959610378059415,0.016317363432624226,0.019841966853445813,0.0016885151337628407,0.006884897127747536,0
0.03651434130019361,0.0035977385,0.0028205321332279596,0.0211958062400558,0.02901945399693545,0.0037325557674720068,0.0019481442868709564,0
0.01896536198092116,0.0012957365,0.005438494606729242,0.008126283438770657,0.023175371020742536,0.00017600671225862015,0.0036297040060162544,0
0.015165617016831005,0.0011121967,0.0015571292109333467,0.011952645791990053,0.006586469339730195,1.9941605536560033e-05,0.0002962442231364548,0
0.020621955650738745,0.0012072054,0.003105140026109437,0.02705319578429457,0.004638832449258945,6.808651172542134e-05,0.00022309611085802317,0
0.10647671908712494,0.06199484,0.0004380936331104726,0.06889655293511504,0.1074315951231132,1.7962192294263807e-05,0.00018455325334798545,0
0.007895924992119925,0.00010235225,0.042377798707544635,0.008756744232108276,0.008742454491932587,0.0004970753113370869,0.008481891825795174,0
0.048277245064739016,0.016468221,0.0002836953042576421,0.006639954159447556,0.030361629969741795,0.0003310998149829981,0.0008196684648282826,0
0.0076039655542744404,0.00057541765,0.0037609526172556027,0.012837070719951736,0.005378611993498386,1.5127662126437882e-07,0.0055039431899785995,0
0.028563502706283418,0.013762707,0.00020705402960406437,0.038367252232622905,0.046922936041289345,0.00011054708616130048,0.005184113048017025,0
0.023127739530557512,0.0033371719,0.008852521121033803,0.005789860144443277,0.013002418980073342,1.18271115379102e-05,0.0019607690628618,0
0.01810202992630238,0.0035831581,0.0018549151133208587,0.012471189447063283,0.04541705332243235,8.851558487475114e-05,0.001742740860208869,0
0.024337160073722344,0.0024085727,0.0006968210244556789,0.02285717667781511,0.022557165051806823,2.575847460767937e-08,0.009487442672252655,0
0.042106003408459214,0.016192066,0.0023107489256136175,0.010703163031078782,0.03233945148451383,0.0001251001065495048,0.00037125375820323825,0
0.00492691257816552,0.00043173583,0.00998491893249016,0.009004971402318526,0.00443498510799832,1.8308042676451212e-10,0.00796001497656107,0
0.03272306069431055,0.00083557935,0.0002985854834596595,0.035067678259010006,0.03697121854534787,1.4307404308140048e-06,0.0016483323415741324,0
0.0180222034940638,0.0046246406,0.0006673506275391099,0.009651940975900506,0.015423511489536721,5.404376119655999e-05,0.007943929173052311,0
0.02479040900421339,0.005177659,0.0013005411548901737,0.014016616433694604,0.08724062410679143,0.00038452437903457827,0.004971182439476252,0
0.005306533363440992,0.001105017,0.0028739784991408898,0.007053676502569176,0.006780187012533494,0.0001163133913358667,0.028169462457299232,0
0.00534063944796015,0.0010600792,0.0010220168033941359,0.009849298025651898,0.004797061803684451,2.5091539015442422e-08,0.00024904371821321547,0
0.005898188700241952,0.0047325897,0.0010631522972865313,0.011932858807908878,0.005010153969005441,5.19050900642951e-08,0.00014813126472290605,0
0.01664810585190481,0.0005882936,0.0010707646705783922,0.005581371991273163,0.007538228413263298,8.961783620336785e-09,3.8159727409947664e-05,0
0.011612412893079646,0.00072161405,0.00043288231850673964,0.025855650567477805,0.01613728979234806,3.054212668348967e-05,0.00033723554224707186,0
0.012012357124596874,0.0010763874,0.0009398705421966866,0.015651243198134483,0.011763802383821145,9.495693810229123e-08,0.011570909060537815,0
0.015910953020710612,0.0006304453,5.242173960016384e-05,0.06339723281647987,0.021430282571076598,9.69563216238298e-06,0.005595071706920862,0
0.01619708914530742,0.0016665458,0.00040268459588044297,0.009401170965799375,0.022595634883181063,0.0010662673702650342,0.004455155692994595,0
0.005939519724093563,0.0003805638,0.0007872874947565327,0.006088256430745022,0.0061563136353564715,3.197582445540638e-05,0.02219289354979992,0
0.005305883770857812,0.0004711223,0.00018023985392736513,0.007068124340379975,0.0059104578863806495,5.010881710211229e-06,0.0008028240990824997,0
0.005151942408198613,0.0007314228,0.00023948568985929518,0.006285312799805674,0.0059960081898770765,2.0054579432650283e-05,0.0004026960814371705,0
0.005920776470576671,0.0005930066,0.00028667971631972253,0.006076206927997201,0.006705491269573525,2.0054579432650283e-05,9.021141158882529e-05,0
0.005331682474304596,0.0004711223,0.0002333250319727994,0.012521999756876668,0.005733045581399343,1.2723400217984882e-05,0.0005200327141210437,0
0.013023532698297117,0.0036089267,0.00022068537625410123,0.016027768074129707,0.01086601266516908,0.00041869143022456345,0.000402881414629519,0
0.012148472633333973,0.00505389,0.001633495361904077,0.023977645208884565,0.01072818787327991,2.0641545014210348e-06,0.004688995890319347,0
0.03293269379037263,0.0073823035,0.0008297558026057038,0.060038256350096,0.02937981233688392,8.781192451243584e-07,0.003744986141100526,0
0.018306922068760192,0.0031790712,0.006933304691868066,0.02242928785573662,0.028003300125852594,2.6018248807540387e-05,0.0018246263498440385,0
0.014403791142119211,0.0020015836,0.0011584563018514566,0.01748207135599086,0.00955290255403231,5.419107832502542e-05,0.0034474048297852278,0
0.07098993474381579,0.005634247,0.001344663459710842,0.030628403749249224,0.05360397797559052,0.013937940790616908,0.007150979712605476,0
0.01922376808554182,0.00035609692,0.013440484907534786,0.006801113529704626,0.009476750096111871,1.9132595521025914e-05,0.006905688438564539,0
0.005311112650029718,0.00034483642,0.0003251072661555073,0.007324084652958251,0.0046279221089196776,3.854268536923085e-08,0.000383235135814175,0
0.12144078073713652,0.013826376,9.894491991967342e-05,0.01525895880060585,0.08901316938740482,0.0074438621232722465,2.3097600205801427e-05,0
0.03155254906991127,0.0023742816,0.01321632246856118,0.023618357368429856,0.01000638454427929,4.343614013821995e-05,0.0009128475212492049,0
0.012648962172785097,0.0017090312,0.005428480517989525,0.00900753500713581,0.004858189740764514,3.664007497324384e-08,0.004806606099009514,0
0.04990323007288658,0.010560305,0.00026220514965806155,0.04818919199055432,0.06529686507203612,0.0027402044912890914,4.8492453061044216e-05,0
0.012106932017686879,0.0022710196,0.0038693897502425404,0.018401584466770086,0.022637177198961845,0.00015681029685170447,0.000968575943261385,0
0.055362501405503736,0.002401026,0.0032388041750017115,0.04545585205942492,0.06520609009588568,2.7025455330781966e-05,0.0013230986660346389,0
0.021568176347112895,0.004604296,0.0022402190183505644,0.010829742617254935,0.014432667404157166,0.0038304541837979127,0.038687564432621,0
0.010394633599524928,0.000298878,0.003333796741435651,0.012801732833436765,0.012981962911564962,1.2638626774376767e-05,0.0025044388603419065,0
0.019478089350924037,0.0018458782,0.00015187358691829517,0.014561632470218532,0.06883358230061731,0.00014264659700143206,0.004697662312537432,0
0.01211169683812713,0.0042854357,0.0011797943055087499,0.040117325543103606,0.04883515915868365,0.00038170016163687886,0.024082940071821213,0
0.009509081152834865,0.00032855044,0.0028508976360793184,0.005708006451491778,0.007565840916947066,2.7970310071835168e-08,0.0017363829538226128,0
0.01282593357826977,0.0011567121,0.00013040058807209937,0.00984813989957492,0.008279713228325217,3.96573482905254e-08,0.0006628345581702888,0
0.013312793228221315,0.0013736921,0.00016368882751382433,0.016508260496028635,0.006192100868244233,4.082944201548139e-12,0.0015038998099043965,0
0.07155507051917864,0.017850619,0.0004996359853330326,0.03761317340641164,0.0951942146019047,0.0022997749694116695,0.0007121257367543876,0
0.02066257006263224,0.0019517776,0.006091615839399203,0.011945498981727788,0.023224348730887454,0.00014385799897888592,0.02552434243261814,0
0.024436101196996893,0.000814726,0.0010753081323356397,0.014388835150514272,0.022637910711295225,9.635002484916942e-06,0.00046787908650003374,0
0.013822477346473731,0.0001805284,1.5117201912694019e-05,0.007797713218172508,0.023349409825348715,2.313387331181297e-06,0.003577375551685691,0
0.014317568939326153,0.0071731694,1.0548414762048255e-05,0.016727335937456372,0.008899370241747024,3.5880077786057384e-08,0.00025173500762321055,0
0.007200845952617845,0.0013624901,0.00030279848634313087,0.005690971274183628,0.006017923964671554,6.822182894596879e-08,0.0009624796803109348,0
0.011651869838210226,0.0015099073,0.0007567330029217489,0.011652231944757499,0.013678851804041567,9.021800922888428e-06,4.4985066779190674e-05,0
0.895717092308296,0.9812981,0.9879512555938612,0.9591441914906866,0.8496622095089906,0.9987928481558523,0.9919664263725281,1
0.7339728104796606,0.96868527,0.9819824056857107,0.8875261706568911,0.753751991360239,0.9988353523330169,0.9500024318695068,1
0.9694760482181061,0.99708253,0.9981912757196955,0.9772088338111912,0.9844425832318714,0.9999999998567346,0.9984757304191589,1
0.9634742974641659,0.9935726,0.9970705560884449,0.9275217681525748,0.9752798442230347,0.9999997122069406,0.9940712451934814,1
0.965838186044039,0.9943784,0.9957336219051329,0.9567123977421433,0.9764087584620814,0.99999107585507,0.9953855872154236,1
0.9636611938450386,0.9942326,0.9964441560035119,0.9574526935651035,0.9760263499470254,0.9999997940352854,0.9837887287139893,1
0.9367023504453387,0.98997444,0.9951168973313789,0.8442267225853769,0.9281568619049351,0.9999996762826941,0.9856338500976562,1
0.8213613069253701,0.9792631,0.9852722304869878,0.8549526395016017,0.8226641620389213,0.9994198606306914,0.9473785161972046,1
0.890876617982264,0.98858136,0.9909870994648556,0.9142632971050849,0.9035896756837137,0.9984436228032516,0.9775745868682861,1
0.9023492356168401,0.98316157,0.9914716686008722,0.8998673166675881,0.8709523032455039,0.9988399642473633,0.9942908883094788,1
0.8630811154469156,0.9907058,0.9893925646614982,0.8801933394557684,0.9173822549143399,0.9957459656195478,0.9780175089836121,1
0.8787747832614722,0.98724335,0.9897040322279855,0.8761880342598862,0.883967880664959,0.995980732380081,0.9768640398979187,1
0.9733917996167544,0.99551314,0.9987639100659697,0.9744178664470675,0.9799775355033574,0.9999999943605367,0.9999948143959045,1
0.9733917996167544,0.99664503,0.9988368228574915,0.977794478903831,0.9820438573491478,0.9999999998059019,0.999857485294342,1
0.8292438551545813,0.9652977,0.986706429685838,0.7785327224375787,0.7035892312520335,0.9963579028942035,0.9666800498962402,1
0.9449099062100375,0.99476033,0.9967780965650916,0.9755518240833675,0.9736135651014419,0.9999997713617629,0.9929251670837402,1
0.7892469777032183,0.9635585,0.935442669657231,0.8725820382934633,0.694941771965984,0.47786756418582466,0.9796832799911499,1
0.7403737082634289,0.94569415,0.9458076625640945,0.8806914091003609,0.8190365038448253,0.9328555282786453,0.9568471312522888,1
0.9725469323321505,0.9981736,0.9978728510138692,0.9522888758619005,0.9720528474385223,0.9997991034186074,0.998254120349884,1
0.033526927672568804,0.0014506239,0.006839849370374197,0.017048227599890494,0.045628153301882635,0.0003655702709424626,0.013025683350861073,0
0.03721470144224781,0.00055445824,0.0016941041653851015,0.012552707541861774,0.025066320333934886,0.008108758157143231,0.0011317753233015537,0
0.013575558113922595,0.00082714064,0.0009358341467164367,0.013970691899327215,0.012338125429392952,2.456745861495061e-09,0.016819141805171967,0
0.021356938099524478,0.0031576513,0.0020578299600286223,0.021181516235042785,0.02169637758463052,0.00013394279583233502,0.0008078509708866477,0
0.00699954985079492,0.0015418549,0.0003131130378532711,0.01439541881797353,0.008331890472336406,2.0045187592760997e-08,0.005589991342276335,0
0.014391945121410926,0.000689219,0.0006527711840324884,0.01262017241922749,0.014118641781554711,0.00038404403489555677,0.0005996275576762855,0
0.024908955214491185,0.006398848,0.002884807609208011,0.03689787582819365,0.04131078623424554,3.991147644838004e-05,0.006927915848791599,0
0.025102441760026947,0.006398848,0.002397457599700084,0.046201811735280686,0.03963575159129778,3.1485737584269704e-05,0.0089346244931221,0
0.023736194426954002,0.002881396,0.0009431109792380556,0.012225334683804765,0.017561460475516412,2.8131702918850668e-06,0.00023294298443943262,0
0.014306682814071178,0.00060353416,0.0031837086610254956,0.008417369049988686,0.03573668027475036,5.859748553402527e-05,0.002114034490659833,0
0.02500367739540692,0.008874303,0.002170402959471255,0.016046422126744984,0.01169797150015212,1.232746762626793e-05,0.0028435098938643932,0
0.062292078753988435,0.014446766,0.005029296229488598,0.05245742792041159,0.04041279747885056,0.012374142011404844,0.0024171038530766964,0
0.029233958476551608,0.0010534218,0.0007367209879289777,0.023570800152126082,0.04593300270336336,0.008278658959807596,0.018419785425066948,0
0.00970712278102005,0.00014221377,0.0005852540299893945,0.01385186045800086,0.009222402697227714,0.00023406051324444894,0.00029393404838629067,0
0.0140531730476518,0.0012167866,0.0010116246402690782,0.02860304817910449,0.004549076858389493,1.2137200268156993e-05,0.0006937815342098475,0
0.016337560058949492,0.0016935718,0.0013993967737835904,0.030127967362664362,0.004563645172789628,0.00020089188121932616,0.0012993102427572012,0
0.020544490912191557,0.0016229439,0.005504310772595652,0.008919262227981102,0.04316309831384257,0.0008490184785165163,0.015219753608107567,0
0.014994518571473884,0.00040676072,0.001888506002365247,0.02059007885842704,0.028363534780167052,6.3373005777580515e-06,0.005748279392719269,0
0.01596322225431155,0.00038142555,0.001376999827382252,0.034311147886889146,0.030077322875577545,1.572622792666573e-05,0.0069368211552500725,0
0.04667448581143271,0.01782181,0.008490432456212497,0.04990245433798888,0.04619229647255228,0.00044894833367082286,0.00886200089007616,0
0.014974434476311494,0.0040579205,0.0012818040374661525,0.014943513254838864,0.009945299419193572,1.3938914258449632e-09,0.010172796435654163,0
0.03143237796962327,0.0050142296,0.006534651253286202,0.012041027067952879,0.028668947187409543,7.433633698723788e-08,0.0006479743751697242,0
0.018356376558740346,0.00072994246,0.002564819750348231,0.01788589299051311,0.021833146121154546,9.610884167585528e-05,0.0021533018443733454,0
0.019749851538118476,0.0013563003,0.0007262875397542852,0.02811373273656098,0.01700680283705792,0.00015410064476738987,0.009750526398420334,0
0.03867190408339504,0.0057343096,0.0052001726880061706,0.036954417548305224,0.04088009368254465,0.011131969513665472,0.007246920373290777,0
0.05016508812255851,0.010472633,0.00929266055484544,0.01868291189742069,0.02109295801143926,0.05492216394255939,0.005234214011579752,0
0.0393300454101325,0.0018621819,0.0030463539390177194,0.013042449065608334,0.018427047908327516,0.0006203864090261243,0.017147021368145943,0
0.04276571897005122,0.0144524705,0.0012597319598255717,0.02739867765137553,0.03105701714350226,5.9947499730957645e-05,0.0013411362888291478,0
0.01736526588942311,0.0085111745,0.001770033527285998,0.017061218490043738,0.014492469165901047,8.804712806238122e-07,0.0019135692855343223,0
0.05368936050904918,0.008894907,0.00799604503103209,0.022607492894454448,0.047785471230333984,0.0008928966224912893,0.03751811012625694,0
0.10043280701037975,0.01157811,0.010200150501597154,0.00879800168663185,0.07045013839127086,0.18996652562689384,0.011826535686850548,0
0.02463640705440666,0.0035953464,0.00197372648673072,0.006828432293780047,0.007938306009184548,0.0003387025830585175,0.0011561072897166014,0
0.030080397349270045,0.012861188,0.002779036290921695,0.012851254539676529,0.040078886340445194,0.0001813665976538057,0.008896135725080967,0
0.04004356116998222,0.0022289401,0.0019937509065345214,0.10866761214252933,0.06474654815344877,0.0005815095939113174,0.010832340456545353,0
0.039390677566994894,0.009178382,0.004138003482854452,0.018421540134082114,0.029453994842183234,0.0004557856910436539,0.010399133898317814,0
0.006622620163479709,0.0011623899,0.00018461819924336633,0.007638570456385521,0.004976193336937981,2.0245298985547922e-07,0.013605581596493721,0
0.008600197516968644,0.001526197,0.001513315279460137,0.00772846128084236,0.006691060049840764,2.000953602442733e-06,0.0016661840490996838,0
0.008313006953949927,0.0036999616,0.0008504539877219026,0.00973198837509782,0.005371058687618134,2.000953602442733e-06,0.002510117134079337,0
0.01419337934902445,0.0031000122,0.00037872443854998684,0.04776350525190053,0.03006377309838705,1.4245910572704982e-05,0.0017946073785424232,0
0.0598058084313835,0.0051041846,0.0061324648631655414,0.02400147437066216,0.03597295369769477,0.007859256820362122,0.004779872950166464,0
0.020634384561070557,0.000843891,0.001099032484271685,0.021876696191305566,0.013807831861378557,0.00377014821494537,0.004590638913214207,0
0.026897615486143417,0.0027693044,0.0011972447287660708,0.008047600463693138,0.03392058125959727,4.9328918165613824e-05,0.002581494627520442,0
0.016773523259037176,0.004028904,0.0031667990065479576,0.012885851935683902,0.019460854462175766,6.626347026794745e-07,5.005213461117819e-05,0
0.010543852310658693,0.00016720702,0.00026205878364513117,0.01256877066502517,0.022373744154294165,0.0006642478487418841,0.0010818700538948178,0
0.03844432741669319,0.0062900363,0.004309872939959492,0.02039967029303458,0.028670220850468987,0.0002935054254646221,0.020303092896938324,0
0.08147397806487693,0.01896481,0.010753988145302203,0.06383496640566569,0.033785864684857655,0.0020921964734346857,0.008392533287405968,0
0.04067175723865881,0.017771797,0.01642721269597352,0.08717433503791151,0.09082893283069479,1.1840202506822531e-05,0.007641242817044258,0
0.018330982927964687,0.0013131509,0.0005059979555062553,0.007975345602801831,0.025388901121573666,0.0007377759868750877,0.0010813397821038961,0
0.02959669101250724,0.011414878,0.010574759605990419,0.006963934529243347,0.027083367302599706,0.003202544012223108,0.006169093307107687,0
0.010717921328704428,0.0013375405,0.00031232780411487386,0.0071830054254436015,0.01324145802862689,0.0001722529968479362,0.004912770353257656,0
0.01608157076573901,0.012451201,0.0011925233807440815,0.029677292754977783,0.011413572263545248,1.1206579954724777e-05,0.0001920014910865575,0
0.008291493916794828,0.006252312,0.0005749749043839918,0.012533409934082152,0.009343342122830566,1.1234672529960509e-08,0.0002471400366630405,0
0.09957179482446771,0.019238096,0.008449321789034316,0.03153661366105747,0.06863545101474704,0.004229250308023073,0.044192153960466385,0
0.009852981037634875,0.0012811456,7.957891003886146e-06,0.011195391508650974,0.012499316485368622,2.821021853352976e-06,0.0007082324009388685,0
0.017275301233983312,0.0020320814,0.00036169888370535974,0.013320009013718782,0.013004399409390226,8.241522831497323e-05,0.02420026995241642,0
0.02516991316238896,0.005775806,0.002013215621365208,0.013429042603337018,0.009091795032160793,7.049085442254507e-05,0.004028408322483301,0
0.20927846720766052,0.0655795,0.07069501821588985,0.07148417704758836,0.21157171195156207,0.050619282609441325,0.019203944131731987,0
0.014981549698153636,0.0012137197,0.001438924558569411,0.025384125778583858,0.007816333729714322,0.0006500582298743396,0.0007888487307354808,0
0.030325734510758835,0.010621679,0.00611727916112736,0.02960386186380624,0.03944806076809284,0.0011331778783210697,0.005455169826745987,0
0.02891347916098792,0.011554151,0.010096074917881847,0.02565642179127831,0.04057302601209966,0.002703207436895175,0.005812543909996748,0
0.02869518294651971,0.012623678,0.004270912897093091,0.02392877603502125,0.03711451436608483,0.00012642121566674888,0.0022800974547863007,0
0.03149295225013744,0.0030826824,0.003870109384944738,0.013560716171693382,0.04038194189878358,0.002992696628549564,0.0049686371348798275,0
0.03590674563920578,0.0126353735,0.0019306887349070834,0.02820549250766128,0.052161139423976856,0.0025043679272709514,0.0022014277055859566,0
0.020288293174857887,0.020783095,0.0018301800526044879,0.01864406149973082,0.052526428216407205,2.470664166003386e-05,0.028416072949767113,0
0.013696498499764544,0.0015711018,0.00022465984149956268,0.00622550491642756,0.016663385640670852,0.00012166168789827316,0.00038239697460085154,0
0.01586551801345479,0.0008967039,0.00022035913227973761,0.007687087136964073,0.016612375035453642,0.0002555156993054637,0.0006385343731380999,0
0.018136584628261104,0.0010572573,0.00027422936413708064,0.007955664671108004,0.016351947354090995,0.00010082909068588825,0.0007053971057757735,0
0.007696105514347399,0.00025008613,0.0001437353684018734,0.004669595469993318,0.007368546993556864,5.796100565288257e-09,0.0006833988009020686,0
0.02432953277673842,0.004440643,0.0003336506383209496,0.009097869124008269,0.011621577437145779,1.5075422305092795e-09,0.0003115596773568541,0
0.03506567645382011,0.0029392191,0.004034625536008808,0.028676955603849637,0.0482616930272801,0.001194380111117625,0.014618158340454102,0
0.023081071190662036,0.0017712158,0.0005378350081981645,0.006175487758712051,0.03964516767746798,0.0003029681968083185,0.008450046181678772,0
0.10635420992723965,0.017166786,0.025320541511618447,0.04658924423429143,0.05498195910710039,0.010822899174639578,0.012046277523040771,0
0.05784155656165229,0.0036700289,0.004762563731060175,0.03961697628749611,0.047396334318555305,0.0020242065184986405,0.009358826093375683,0
0.07479572385295326,0.018688412,0.01085382049782777,0.022236172238093172,0.03573307736866032,0.0010451407420991091,0.017600061371922493,0
0.0501417811830671,0.005267809,0.005576508754903257,0.0361828622912915,0.05760225649618899,0.0005922459217811905,0.010565740056335926,0
0.013258076214486068,0.00047065702,0.0011652717264854307,0.011322059211921469,0.03846113803197517,0.0012683979004379745,0.005093227606266737,0
0.007684454018812757,0.0006467985,0.0008876432381743825,0.015366492736080749,0.01475379082383217,1.478941311702266e-06,0.01631331816315651,0
0.00962183954523722,0.0008717506,0.00046745217343901167,0.022669909141785103,0.013882747815337097,8.799455712283129e-09,0.0022463188506662846,0
0.010616519068339905,0.00084496755,0.0012078397711689055,0.013269359822737433,0.01313308532903341,1.6395178547759818e-07,0.0018572572153061628,0
0.010673325569628788,0.0014518725,0.0004537824273043627,0.019819581536186962,0.013584712421738592,7.531212526803997e-07,0.0006525933858938515,0
0.010860837921856813,0.0008172087,0.000758119588935048,0.011178548582334248,0.013132307051083996,4.7222527493275617e-07,0.0005577441770583391,0
0.021371732412965447,0.0015281106,0.0015315259284933765,0.00874021898035636,0.008593825709260077,8.085147939286626e-08,0.005322744138538837,0
0.010792517207959035,0.00033066745,0.000309949660901691,0.006293272060208426,0.00836665831582978,4.255964465856927e-05,0.0005943519645370543,0
0.014208026116453568,0.0019237979,0.0018854127607431542,0.02182872228207036,0.018161190742097225,1.0321891143798082e-06,0.00454945070669055,0
0.030317818233121675,0.0024151444,0.0032329710522396226,0.023855358709322504,0.05857881431123919,0.00013942627060989252,0.003933285363018513,0
0.024854324327879335,0.0025937066,0.0034980782118900888,0.00888518213214151,0.007395847861609122,6.416451161435006e-05,0.0035633358638733625,0
